{"cameraMode":{"drawMode":0,"name":"Shaded","section":"Shading Mode"},"sceneLighting":true,"audioPlay":false,"sceneViewState":{"showFog":true,"showMaterialUpdate":false,"showSkybox":true,"showFlares":true,"showImageEffects":true,"showParticleSystems":true},"in2DMode":false,"pivot":{"x":-0.7915573120117188,"y":1.2750375270843506,"z":12.597280502319336},"rotation":{"x":-0.14586679637432099,"y":0.40708836913108828,"z":-0.06603386998176575,"w":-0.8992449045181274},"size":10.0,"orthographic":false}